<?xml version="1.0" encoding="UTF-8"?>
<project-private xmlns="http://www.netbeans.org/ns/project-private/1">
    <editor-bookmarks xmlns="http://www.netbeans.org/ns/editor-bookmarks/2" lastBookmarkId="0"/>
    <open-files xmlns="http://www.netbeans.org/ns/projectui-open-files/2">
        <group>
            <file>file:/C:/Users/ooikn/OneDrive/Documents/Documents/NetBeansProjects/expertsystem/src/expertsystem/ms/R32.java</file>
            <file>file:/C:/Users/ooikn/OneDrive/Documents/Documents/NetBeansProjects/expertsystem/src/expertsystem/Frame.java</file>
            <file>file:/C:/Users/ooikn/OneDrive/Documents/Documents/NetBeansProjects/expertsystem/src/expertsystem/mni/R28.java</file>
            <file>file:/C:/Users/ooikn/OneDrive/Documents/Documents/NetBeansProjects/expertsystem/src/expertsystem/ecs/DoorNoLock.java</file>
            <file>file:/C:/Users/ooikn/OneDrive/Documents/Documents/NetBeansProjects/expertsystem/src/expertsystem/pcp/R1.java</file>
            <file>file:/C:/Users/ooikn/OneDrive/Documents/Documents/NetBeansProjects/expertsystem/src/expertsystem/sap/R11.java</file>
            <file>file:/C:/Users/ooikn/OneDrive/Documents/Documents/NetBeansProjects/expertsystem/src/expertsystem/Category.java</file>
            <file>file:/C:/Users/ooikn/OneDrive/Documents/Documents/NetBeansProjects/expertsystem/src/expertsystem/MainPage.java</file>
            <file>file:/C:/Users/ooikn/OneDrive/Documents/Documents/NetBeansProjects/expertsystem/src/expertsystem/htp/WashingTakesTooLong.java</file>
            <file>file:/C:/Users/ooikn/OneDrive/Documents/Documents/NetBeansProjects/expertsystem/src/expertsystem/cdi/DetergentRemain.java</file>
            <file>file:/C:/Users/ooikn/OneDrive/Documents/Documents/NetBeansProjects/expertsystem/src/expertsystem/pcp/R2.java</file>
            <file>file:/C:/Users/ooikn/OneDrive/Documents/Documents/NetBeansProjects/expertsystem/src/expertsystem/mni/R27.java</file>
            <file>file:/C:/Users/ooikn/OneDrive/Documents/Documents/NetBeansProjects/expertsystem/src/expertsystem/sap/R15.java</file>
            <file>file:/C:/Users/ooikn/OneDrive/Documents/Documents/NetBeansProjects/expertsystem/src/expertsystem/sap/R12.java</file>
            <file>file:/C:/Users/ooikn/OneDrive/Documents/Documents/NetBeansProjects/expertsystem/src/expertsystem/cdi/R17.java</file>
            <file>file:/C:/Users/ooikn/OneDrive/Documents/Documents/NetBeansProjects/expertsystem/src/expertsystem/ecs/DoorRemainLock.java</file>
            <file>file:/C:/Users/ooikn/OneDrive/Documents/Documents/NetBeansProjects/expertsystem/src/expertsystem/wsdp/WaterLeakBottom.java</file>
            <file>file:/C:/Users/ooikn/OneDrive/Documents/Documents/NetBeansProjects/expertsystem/src/expertsystem/nosolution/NoSolution.java</file>
            <file>file:/C:/Users/ooikn/OneDrive/Documents/Documents/NetBeansProjects/expertsystem/src/expertsystem/ecs/DisplayShowErrorCode.java</file>
            <file>file:/C:/Users/ooikn/OneDrive/Documents/Documents/NetBeansProjects/expertsystem/src/expertsystem/htp/R20.java</file>
            <file>file:/C:/Users/ooikn/OneDrive/Documents/Documents/NetBeansProjects/expertsystem/src/expertsystem/pcp/DisplayPanel.java</file>
            <file>file:/C:/Users/ooikn/OneDrive/Documents/Documents/NetBeansProjects/expertsystem/src/expertsystem/ms/R31.java</file>
            <file>file:/C:/Users/ooikn/OneDrive/Documents/Documents/NetBeansProjects/expertsystem/src/expertsystem/htp/WashingStopDuringHeating.java</file>
            <file>file:/C:/Users/ooikn/OneDrive/Documents/Documents/NetBeansProjects/expertsystem/src/expertsystem/mni/R29.java</file>
            <file>file:/C:/Users/ooikn/OneDrive/Documents/Documents/NetBeansProjects/expertsystem/src/expertsystem/pcp/OutletPower.java</file>
            <file>file:/C:/Users/ooikn/OneDrive/Documents/Documents/NetBeansProjects/expertsystem/src/expertsystem/wsdp/R10.java</file>
            <file>file:/C:/Users/ooikn/OneDrive/Documents/Documents/NetBeansProjects/expertsystem/src/expertsystem/wsdp/R7.java</file>
            <file>file:/C:/Users/ooikn/OneDrive/Documents/Documents/NetBeansProjects/expertsystem/src/expertsystem/ecs/R26.java</file>
            <file>file:/C:/Users/ooikn/OneDrive/Documents/Documents/NetBeansProjects/expertsystem/src/expertsystem/ecs/R23.java</file>
            <file>file:/C:/Users/ooikn/OneDrive/Documents/Documents/NetBeansProjects/expertsystem/src/expertsystem/ecs/MachineStopMidCycle.java</file>
            <file>file:/C:/Users/ooikn/OneDrive/Documents/Documents/NetBeansProjects/expertsystem/src/expertsystem/ms/SmokeOrBurningSmell.java</file>
            <file>file:/C:/Users/ooikn/OneDrive/Documents/Documents/NetBeansProjects/expertsystem/src/expertsystem/mni/LoudKnockingSound.java</file>
            <file>file:/C:/Users/ooikn/OneDrive/Documents/Documents/NetBeansProjects/expertsystem/src/expertsystem/wsdp/NoFillWithWater.java</file>
            <file>file:/C:/Users/ooikn/OneDrive/Documents/Documents/NetBeansProjects/expertsystem/src/expertsystem/ecs/R25.java</file>
            <file>file:/C:/Users/ooikn/OneDrive/Documents/Documents/NetBeansProjects/expertsystem/src/expertsystem/pcp/R4.java</file>
            <file>file:/C:/Users/ooikn/OneDrive/Documents/Documents/NetBeansProjects/expertsystem/src/expertsystem/cdi/R18.java</file>
            <file>file:/C:/Users/ooikn/OneDrive/Documents/Documents/NetBeansProjects/expertsystem/src/expertsystem/sap/NoAgitate.java</file>
            <file>file:/C:/Users/ooikn/OneDrive/Documents/Documents/NetBeansProjects/expertsystem/src/expertsystem/sap/R14.java</file>
            <file>file:/C:/Users/ooikn/OneDrive/Documents/Documents/NetBeansProjects/expertsystem/src/expertsystem/htp/R21.java</file>
            <file>file:/C:/Users/ooikn/OneDrive/Documents/Documents/NetBeansProjects/expertsystem/src/expertsystem/mni/GrindingNoise.java</file>
            <file>file:/C:/Users/ooikn/OneDrive/Documents/Documents/NetBeansProjects/expertsystem/src/expertsystem/cdi/UnpleasantSmell.java</file>
            <file>file:/C:/Users/ooikn/OneDrive/Documents/Documents/NetBeansProjects/expertsystem/src/expertsystem/ecs/R24.java</file>
            <file>file:/C:/Users/ooikn/OneDrive/Documents/Documents/NetBeansProjects/expertsystem/src/expertsystem/wsdp/R5.java</file>
            <file>file:/C:/Users/ooikn/OneDrive/Documents/Documents/NetBeansProjects/expertsystem/src/expertsystem/cdi/ClothesStillDirty.java</file>
            <file>file:/C:/Users/ooikn/OneDrive/Documents/Documents/NetBeansProjects/expertsystem/src/expertsystem/sap/DrumLoudNoise.java</file>
            <file>file:/C:/Users/ooikn/OneDrive/Documents/Documents/NetBeansProjects/expertsystem/src/expertsystem/wsdp/R9.java</file>
            <file>file:/C:/Users/ooikn/OneDrive/Documents/Documents/NetBeansProjects/expertsystem/src/expertsystem/mni/SqueakingSound.java</file>
            <file>file:/C:/Users/ooikn/OneDrive/Documents/Documents/NetBeansProjects/expertsystem/src/expertsystem/pcp/PowerCord.java</file>
            <file>file:/C:/Users/ooikn/OneDrive/Documents/Documents/NetBeansProjects/expertsystem/src/expertsystem/htp/WaterNoHeatUp.java</file>
            <file>file:/C:/Users/ooikn/OneDrive/Documents/Documents/NetBeansProjects/expertsystem/src/expertsystem/wsdp/WaterRemainInDrum.java</file>
            <file>file:/C:/Users/ooikn/OneDrive/Documents/Documents/NetBeansProjects/expertsystem/src/expertsystem/htp/R22.java</file>
            <file>file:/C:/Users/ooikn/OneDrive/Documents/Documents/NetBeansProjects/expertsystem/src/expertsystem/ms/ExcessiveVibration.java</file>
            <file>file:/C:/Users/ooikn/OneDrive/Documents/Documents/NetBeansProjects/expertsystem/src/expertsystem/wsdp/R6.java</file>
            <file>file:/C:/Users/ooikn/OneDrive/Documents/Documents/NetBeansProjects/expertsystem/src/expertsystem/sap/SpinSlowly.java</file>
            <file>file:/C:/Users/ooikn/OneDrive/Documents/Documents/NetBeansProjects/expertsystem/src/expertsystem/sap/VibrateExcessively.java</file>
            <file>file:/C:/Users/ooikn/OneDrive/Documents/Documents/NetBeansProjects/expertsystem/src/expertsystem/wsdp/WaterNoDrain.java</file>
            <file>file:/C:/Users/ooikn/OneDrive/Documents/Documents/NetBeansProjects/expertsystem/src/expertsystem/ms/R30.java</file>
            <file>file:/C:/Users/ooikn/OneDrive/Documents/Documents/NetBeansProjects/expertsystem/src/expertsystem/pcp/R3.java</file>
            <file>file:/C:/Users/ooikn/OneDrive/Documents/Documents/NetBeansProjects/expertsystem/src/expertsystem/wsdp/R8.java</file>
            <file>file:/C:/Users/ooikn/OneDrive/Documents/Documents/NetBeansProjects/expertsystem/src/expertsystem/wsdp/WaterOverflow.java</file>
            <file>file:/C:/Users/ooikn/OneDrive/Documents/Documents/NetBeansProjects/expertsystem/src/expertsystem/pcp/IndicatorLight.java</file>
            <file>file:/C:/Users/ooikn/OneDrive/Documents/Documents/NetBeansProjects/expertsystem/src/expertsystem/pcp/TurnsOffSuddenly.java</file>
            <file>file:/C:/Users/ooikn/OneDrive/Documents/Documents/NetBeansProjects/expertsystem/src/expertsystem/cdi/R16.java</file>
            <file>file:/C:/Users/ooikn/OneDrive/Documents/Documents/NetBeansProjects/expertsystem/src/expertsystem/sap/DrumNoSpin.java</file>
            <file>file:/C:/Users/ooikn/OneDrive/Documents/Documents/NetBeansProjects/expertsystem/src/expertsystem/cdi/FoamOverflowing.java</file>
            <file>file:/C:/Users/ooikn/OneDrive/Documents/Documents/NetBeansProjects/expertsystem/src/expertsystem/wsdp/WaterFillSlowly.java</file>
            <file>file:/C:/Users/ooikn/OneDrive/Documents/Documents/NetBeansProjects/expertsystem/src/expertsystem/pcp/TurnOnOrNot.java</file>
            <file>file:/C:/Users/ooikn/OneDrive/Documents/Documents/NetBeansProjects/expertsystem/src/expertsystem/ms/UnresponsiveToButton.java</file>
            <file>file:/C:/Users/ooikn/OneDrive/Documents/Documents/NetBeansProjects/expertsystem/src/expertsystem/sap/R13.java</file>
            <file>file:/C:/Users/ooikn/OneDrive/Documents/Documents/NetBeansProjects/expertsystem/src/expertsystem/cdi/R19.java</file>
        </group>
    </open-files>
</project-private>
